{"cameraMode":{"drawMode":0,"name":"Shaded","section":"Shading Mode"},"sceneLighting":true,"audioPlay":false,"sceneViewState":{"m_AlwaysRefresh":false,"showFog":true,"showSkybox":true,"showFlares":true,"showImageEffects":true,"showParticleSystems":true,"showVisualEffectGraphs":true,"m_FxEnabled":true},"in2DMode":false,"pivot":{"x":31.701772689819337,"y":79.18974304199219,"z":-53.47613525390625},"rotation":{"x":0.444675087928772,"y":0.001339930109679699,"z":-0.0006640334613621235,"w":0.8956960439682007},"size":19.60663604736328,"orthographic":false}